source,title,company,location,posted_date,url,tags,description
weworkremotely,Director of Production Engineering,Legion,Anywhere in the World,2026-09-07,https://weworkremotely.com/remote-jobs/legion-director-of-production-engineering,Full-Stack Programming,"Headquarters: Remote, United States Director of Production Engineering Remote, United States About this Position Are you passionate about building the reliability, automation, and security foundations that let engineering teams move fast with confidence? At Legion, we are seeking a Director of Engi…"
weworkremotely,AEM Developer,Vonage,Anywhere in the World,2026-09-05,https://weworkremotely.com/remote-jobs/vonage-aem-developer,DevOps and Sysadmin,"Headquarters: Remote Join Vonage and help us innovate cloud communications for businesses worldwide! Why this role matters: We are seeking an experienced and technically skilled Senior AEM Developer to join our digital engineering team. In this role, you will lead the design, development, and imple…"
weworkremotely,"Engineering Manager, Notifications",Discord,Anywhere in the World,2026-09-05,https://weworkremotely.com/remote-jobs/discord-engineering-manager-notifications,DevOps and Sysadmin,"Headquarters: Remote Discord has a highly engaged community of millions of daily active users who use the platform for many different reasons, but there’s one thing that nearly everyone does: play video games. Discord plays a uniquely important role in the future of gaming, and we are focused on ma…"
weworkremotely,AEM and Adobe Target Architect,Vonage,Anywhere in the World,2026-09-05,https://weworkremotely.com/remote-jobs/vonage-aem-and-adobe-target-architect,Front-End Programming,"Headquarters: Remote Join Vonage and help us innovate cloud communications for businesses worldwide! Primary Role: Responsible for leading the technical design and development of projects, guiding the engineering team, ensuring code quality, and aligning solutions with business goals and technical…"
weworkremotely,Software Engineering Manager,LawnStarter,Anywhere in the World,2026-09-04,https://weworkremotely.com/remote-jobs/lawnstarter-software-engineering-manager-6,All Other Remote,"Headquarters: Mexico URL: http://lawnstarter.com About LawnStarter LawnStarter is the nation's leading on-demand marketplace for lawn care and related services, with over $150M in annual bookings. We're expanding beyond lawn care to become the one-stop shop for all outdoor home services - pest cont…"
weworkremotely,Senior Solutions Engineer- LATAM,Fin,Anywhere in the World,2026-09-04,https://weworkremotely.com/remote-jobs/fin-senior-solutions-engineer-latam,Full-Stack Programming,"Headquarters: NYC, Remote; San Francisco, California Fin is the AI Customer Agent company on a mission to help businesses provide perfect customer experiences. Our AI Agent Fin is the highest-performing AI Customer Agent on the market today, enabling businesses to deliver impeccable, always-on cust…"
remoteok,QA Engineer,SunnyData,Remote,2026-09-03,https://remoteOK.com/remote-jobs/remote-qa-engineer-sunnydata-1137300,technical; dev; testing; marketing; quality assurance; education; cloud; engineer; digital nomad,"About SunnyData At SunnyData, a leading DataBricks technology partner, our mission is to empower customers with scalable architectures, robust data engineering pipelines, seamless data consumption layers, and advanced ML and AI applications. As a QA Engineer with a strong focus on Data, you will un…"
weworkremotely,Backend Engineer - Platform - Stacks | Ireland | Remote,Grafana Labs,Anywhere in the World,2026-09-02,https://weworkremotely.com/remote-jobs/grafana-labs-backend-engineer-platform-stacks-ireland-remote,Back-End Programming,"Headquarters: Republic of Ireland (Remote) Grafana Labs is the company behind Grafana Cloud, the fully managed observability platform trusted by more than 10,000 organizations to ensure reliability, resolve incidents faster, and optimize telemetry at scale. Built on open source and open standards a…"
weworkremotely,Agentic Python Engineer,Evaboot,Anywhere in the World,2026-08-31,https://weworkremotely.com/remote-jobs/evaboot-agentic-python-engineer,Back-End Programming,"Headquarters: Estonia URL: https://evaboot.com/ Evaboot | Agentic Python Engineer | REMOTE | Full-time | $70-120K USD Evaboot turns LinkedIn Sales Navigator searches into clean, verified prospecting lists. Demo: https://www.youtube.com/watch?v=khYgyDlo2Iw Bootstrapped, $2.2M+ ARR, team of 5, remote…"
weworkremotely,Senior Software Engineer,CircleCI,Anywhere in the World,2026-08-31,https://weworkremotely.com/remote-jobs/circleci-senior-software-engineer,DevOps and Sysadmin,"Headquarters: Remote, Ontario, Canada About CircleCI Engineering CI/CD has been solved. Now it's being reinvented. AI agents don't just run pipelines. They write code, trigger builds, interpret failures, and propose fixes. The interfaces that developers use to understand and trust that work don't e…"
remoteok,AI Engineer Data APIs,Benzinga,Remote,2026-08-30,https://remoteOK.com/remote-jobs/remote-ai-engineer-data-apis-benzinga-1137224,golang; video; engineer,"Remote - Before you read further: applying to this role requires a Loom video walkthrough under 5 minutes of the best thing you have built, plus a repo or live link. Tell us the hardest problem you hit and how you solved it. Focus on architecture decisions and tradeoffs, not a f..."
weworkremotely,"Backend Software Engineer, PDP Experience",Reddit,Anywhere in the World,2026-08-29,https://weworkremotely.com/remote-jobs/reddit-backend-software-engineer-pdp-experience,Back-End Programming,"Headquarters: Remote - United States Reddit is a community of communities. It’s built on shared interests, passion, and trust, and is home to the most open and authentic conversations on the internet. Every day, Reddit users submit, vote, and comment on the topics they care most about. With 100,000…"
remoteok,Principal Engineer,The AI Whistleblower Initiative,Remote,2026-08-27,https://remoteOK.com/remote-jobs/remote-principal-engineer-the-ai-whistleblower-initiative-1137162,golang; engineer,"Remote - About AIWIAIWI is an independent non-profit that exists to ensure that insiders at frontier AI companies can speak up safely and effectively when they see something that should be addressed. We do this by integrating the ecosystem of lawyers, AI researchers, AI advoc..."
weworkremotely,AI Engineer - FDE (Forward Deployed Engineer),Databricks,Anywhere in the World,2026-08-27,https://weworkremotely.com/remote-jobs/databricks-ai-engineer-fde-forward-deployed-engineer,Product,Headquarters: Remote - India CSQ326R35 AI Engineer - FDE (Forward Deployed Engineer) Mission The AI Forward Deployed Engineering (AI FDE) team is a highly specialized customer-facing AI team at Databricks. We deliver professional services engagements to help our customers build and productionize fi…
weworkremotely,"Engineering Manager, Experimentation",LaunchDarkly,Anywhere in the World,2026-08-22,https://weworkremotely.com/remote-jobs/launchdarkly-engineering-manager-experimentation,Design,"Headquarters: Remote - US About the Job: We're looking for an Engineering Manager for our Experimentation team. In this role, you'll lead the team that builds and operates the core Experimentation product, from setup to results processing and display. LaunchDarkly’s Experimentation team is building…"
weworkremotely,Precast Design Engineer,"Fisher Associates, P.e., L.s., L.a., D.",Anywhere in the World,2026-08-18,https://weworkremotely.com/remote-jobs/fisher-associates-p-e-l-s-l-a-d-precast-design-engineer,Design,Headquarters: Remote Worker - USA Infrastructure + Mobility Full-time Description Precast Design Engineer - Civil/Structural Join Our Team as a Precast Design Engineer – Innovate and Lead in Concrete Design Are you ready to take your engineering career to new heights? Fisher Associates is seeking a…
weworkremotely,Senior Software AI Engineer,Collaboration.Ai,Anywhere in the World,2026-08-17,https://weworkremotely.com/remote-jobs/collaboration-ai-senior-software-ai-engineer,Back-End Programming,"Headquarters: Minneapolis, MN URL: http://collaboration.ai Who We Are Collaboration.Ai is a mission-focused, AI-powered software and services company based in Minnesota, with employees, partners, and customers around the world. We unite people, technology, and purpose to accelerate breakthroughs th…"
weworkremotely,Senior Ruby on Rails Developer (AI-Augmented Engineering),Proxify AB,Anywhere in the World,2026-08-14,https://weworkremotely.com/remote-jobs/proxify-ab-senior-ruby-on-rails-developer-ai-augmented-engineering,Back-End Programming,"Headquarters: Sweden URL: http://career.proxify.io The Role: We are seeking a Senior Ruby on Rails Developer who treats software engineering as an art form and a discipline. In this role, you will lead the development and scaling of highly responsive, business-critical web applications. You won't j…"
weworkremotely,"Counsel, Product & Regulatory - Payments & AML",Mercury,Anywhere in the World,2026-08-12,https://weworkremotely.com/remote-jobs/mercury-counsel-product-regulatory-payments-aml,Back-End Programming,"Headquarters: San Francisco, CA, New York, NY, Portland, OR, or Remote within Canada or United States In 1905, chief engineer John Stevens inherited one of the most ambitious infrastructure projects in history: the Panama Canal. The challenge wasn’t digging a ditch between two oceans. It was figuri…"
weworkremotely,FULL TIME: Software Engineer Position - React and Rest,Yooli,Anywhere in the World,2026-08-05,https://weworkremotely.com/remote-jobs/yooli-full-time-software-engineer-position-react-and-rest-1,Full-Stack Programming,"Headquarters: Australia URL: http://yooli.co Job description We are seeking a highly skilled Senior Software Engineer to join our team and contribute to the transformative tech evolution in healthcare. This critical role involves developing, integrating, and optimising our backend and database syst…"
